{"19764": {"total_avg_value": 0.4637267497276687, "total_avg_sat": 0.15363907044299202, "obj_count": 1, "obj_data": [{"obj_min_x": 166, "obj_max_x": 208, "obj_min_y": 176, "obj_max_y": 206, "obj_avg_value": 0.674725992961287, "obj_avg_sat": 0.09140774258421315, "obj_std_value": 0.05184109829408194, "obj_std_sat": 0.016698450856703913, "obj_brighten": true}]}}